year,province_code,province,total_visits,child_visits,reporting_food_banks,comparable_to_2019,source_page,child_share_pct,visits_per_reporting_food_bank,yoy_visits_pct,visits_2019,change_since_2019_pct,food_insecurity_pct
2019,AB,Alberta,89821.0,35282.0,171.0,True,11.0,39.28034646686187,525.2690058479532,,89821.0,0.0,19.2
2019,BC,British Columbia,124713.0,38074.0,113.0,True,11.0,30.529295261921373,1103.654867256637,,124713.0,0.0,16.2
2019,MB,Manitoba,82067.0,33280.0,52.0,False,11.0,40.552231713112455,1578.2115384615386,,82067.0,,19.1
2019,NB,New Brunswick,22625.0,7123.0,58.0,True,11.0,31.482872928176796,390.08620689655174,,22625.0,0.0,17.8
2019,NL,Newfoundland and Labrador,10704.0,3149.0,45.0,True,11.0,29.418908819133033,237.86666666666667,,10704.0,0.0,18.9
2019,NS,Nova Scotia,25629.0,7463.0,123.0,True,11.0,29.11935697842288,208.3658536585366,,25629.0,0.0,20.9
2019,ON,Ontario,339613.0,111051.0,577.0,True,11.0,32.6992782961783,588.5840554592721,,339613.0,0.0,17.0
2019,PE,Prince Edward Island,2959.0,1137.0,6.0,True,11.0,38.4251436296046,493.1666666666667,,2959.0,0.0,17.3
2019,QC,Quebec,345184.0,120025.0,1150.0,True,11.0,34.77131037359785,300.16,,345184.0,0.0,14.4
2019,SK,Saskatchewan,37216.0,15778.0,36.0,True,11.0,42.395743766122095,1033.7777777777778,,37216.0,0.0,17.2
2020,AB,Alberta,,,,,,,,,,,18.5
2020,BC,British Columbia,,,,,,,,,,,16.2
2020,MB,Manitoba,,,,,,,,,,,18.2
2020,NB,New Brunswick,,,,,,,,,,,15.7
2020,NL,Newfoundland and Labrador,,,,,,,,,,,17.7
2020,NS,Nova Scotia,,,,,,,,,,,18.0
2020,ON,Ontario,,,,,,,,,,,17.3
2020,PE,Prince Edward Island,,,,,,,,,,,18.6
2020,QC,Quebec,,,,,,,,,,,10.9
2020,SK,Saskatchewan,,,,,,,,,,,17.7
2021,AB,Alberta,,,,,,,,,,,19.7
2021,BC,British Columbia,,,,,,,,,,,14.6
2021,MB,Manitoba,,,,,,,,,,,17.1
2021,NB,New Brunswick,,,,,,,,,,,18.4
2021,NL,Newfoundland and Labrador,,,,,,,,,,,17.5
2021,NS,Nova Scotia,,,,,,,,,,,17.7
2021,ON,Ontario,,,,,,,,,,,16.1
2021,PE,Prince Edward Island,,,,,,,,,,,16.5
2021,QC,Quebec,,,,,,,,,,,12.7
2021,SK,Saskatchewan,,,,,,,,,,,18.5
2022,AB,Alberta,,,,,,,,,,,21.8
2022,BC,British Columbia,,,,,,,,,,,16.8
2022,MB,Manitoba,,,,,,,,,,,19.6
2022,NB,New Brunswick,,,,,,,,,,,22.7
2022,NL,Newfoundland and Labrador,,,,,,,,,,,22.5
2022,NS,Nova Scotia,,,,,,,,,,,22.0
2022,ON,Ontario,,,,,,,,,,,19.2
2022,PE,Prince Edward Island,,,,,,,,,,,23.6
2022,QC,Quebec,,,,,,,,,,,14.7
2022,SK,Saskatchewan,,,,,,,,,,,20.3
2023,AB,Alberta,,,,,,,,,,,27.4
2023,BC,British Columbia,,,,,,,,,,,21.8
2023,MB,Manitoba,,,,,,,,,,,26.8
2023,NB,New Brunswick,,,,,,,,,,,25.6
2023,NL,Newfoundland and Labrador,,,,,,,,,,,26.0
2023,NS,Nova Scotia,,,,,,,,,,,28.9
2023,ON,Ontario,,,,,,,,,,,24.5
2023,PE,Prince Edward Island,,,,,,,,,,,28.6
2023,QC,Quebec,,,,,,,,,,,15.7
2023,SK,Saskatchewan,,,,,,,,,,,28.0
2024,AB,Alberta,172832.0,61379.0,128.0,True,23.0,35.51367802258841,1350.25,92.41825408312087,89821.0,92.41825408312087,30.9
2024,BC,British Columbia,225605.0,70073.0,129.0,True,23.0,31.060038562975112,1748.875968992248,80.89934489588096,124713.0,80.89934489588096,24.4
2024,MB,Manitoba,55487.0,26251.0,12.0,False,23.0,47.31018076306162,4623.916666666667,-32.38817064106158,82067.0,,25.6
2024,NB,New Brunswick,32167.0,11074.0,69.0,True,23.0,34.426586252992195,466.18840579710144,42.17458563535912,22625.0,42.17458563535912,29.5
2024,NL,Newfoundland and Labrador,14236.0,4139.0,57.0,True,23.0,29.07417813992695,249.75438596491227,32.997010463378174,10704.0,32.997010463378174,30.1
2024,NS,Nova Scotia,39360.0,11722.0,142.0,True,23.0,29.781504065040647,277.1830985915493,53.57602715673651,25629.0,53.57602715673651,29.3
2024,ON,Ontario,736335.0,218308.0,653.0,True,23.0,29.64791840670347,1127.6186830015313,116.815905162641,339613.0,116.815905162641,26.4
2024,PE,Prince Edward Island,5435.0,1844.0,7.0,True,23.0,33.92824287028519,776.4285714285714,83.67691787766138,2959.0,83.67691787766138,24.6
2024,QC,Quebec,721318.0,254668.0,1342.0,True,23.0,35.305926096395766,537.49478390462,108.96623250208583,345184.0,108.96623250208583,19.8
2024,SK,Saskatchewan,52877.0,20473.0,39.0,True,23.0,38.718157232823344,1355.820512820513,42.081362854686155,37216.0,42.081362854686155,30.6
2025,AB,Alberta,210541.0,75968.0,127.0,True,28.0,36.082283260742564,1657.8031496062993,21.81829753749305,89821.0,134.40064127542556,
2025,BC,British Columbia,223340.0,68053.0,131.0,True,28.0,30.470582967672605,1704.8854961832062,-1.0039671106580106,124713.0,79.08317496973049,
2025,MB,Manitoba,64975.0,25047.0,115.0,False,28.0,38.548672566371685,565.0,17.099500783967425,82067.0,,
2025,NB,New Brunswick,32343.0,10781.0,68.0,True,28.0,33.33333333333333,475.63235294117646,0.5471445891752413,22625.0,42.95248618784531,
2025,NL,Newfoundland and Labrador,15422.0,4700.0,64.0,True,28.0,30.475943457398518,240.96875,8.33099185164372,10704.0,44.07698056801195,
2025,NS,Nova Scotia,43421.0,14023.0,144.0,True,28.0,32.29543308537344,301.53472222222223,10.317581300813018,25629.0,69.42135861719146,
2025,ON,Ontario,763756.0,228689.0,619.0,True,28.0,29.94267802806132,1233.8546042003231,3.723984327785579,339613.0,124.89009549104422,
2025,PE,Prince Edward Island,5350.0,1757.0,8.0,True,28.0,32.8411214953271,668.75,-1.5639374425022945,2959.0,80.80432578573841,
2025,QC,Quebec,746411.0,260419.0,1395.0,True,28.0,34.88949117845262,535.0616487455197,3.4787708056640776,345184.0,116.23568879206454,
2025,SK,Saskatchewan,55310.0,20906.0,41.0,True,28.0,37.797866570240465,1349.0243902439024,4.601244397375037,37216.0,48.6188736027515,
